﻿<?xml version="1.0" encoding="utf-8"?>
<Application xmlns:xsd="http://www.w3.org/2001/XMLSchema" xmlns:xsi="http://www.w3.org/2001/XMLSchema-instance" Name="fabric:/ECommerce" xmlns="http://schemas.microsoft.com/2011/01/fabric">
  <Parameters>
    <Parameter Name="API_InstanceCount" Value="1" />
    <Parameter Name="ProductCatalog_PartitionCount" Value="1" />
    <Parameter Name="ProductCatalog_MinReplicaSetSize" Value="1" />
    <Parameter Name="ProductCatalog_TargetReplicaSetSize" Value="1" />
    <Parameter Name="UserActorService_PartitionCount" Value="1" />
    <Parameter Name="UserActorService_TargetReplicaSetSize" Value="1" />
    <Parameter Name="UserActorService_MinReplicaSetSize" Value="1" />
  </Parameters>
</Application>