﻿<?xml version="1.0" encoding="utf-8"?>
<ServiceManifest xmlns:xsd="http://www.w3.org/2001/XMLSchema" xmlns:xsi="http://www.w3.org/2001/XMLSchema-instance" Name="UserActorPkg" Version="1.0.0" xmlns="http://schemas.microsoft.com/2011/01/fabric">
  <ServiceTypes>
    <StatefulServiceType ServiceTypeName="UserActorServiceType" HasPersistedState="true">
      <Extensions>
        <Extension Name="__GeneratedServiceType__" GeneratedId="dfac92ae-c242-4b87-b6ad-6d2bf1599146|Persisted">
          <GeneratedNames xmlns="http://schemas.microsoft.com/2015/03/fabact-no-schema">
            <DefaultService Name="UserActorService" />
            <ServiceEndpoint Name="UserActorServiceEndpoint" />
            <ReplicatorEndpoint Name="UserActorServiceReplicatorEndpoint" />
            <ReplicatorConfigSection Name="UserActorServiceReplicatorConfig" />
            <ReplicatorSecurityConfigSection Name="UserActorServiceReplicatorSecurityConfig" />
            <StoreConfigSection Name="UserActorServiceLocalStoreConfig" />
          </GeneratedNames>
        </Extension>
      </Extensions>
    </StatefulServiceType>
  </ServiceTypes>
  <CodePackage Name="Code" Version="1.0.0">
    <EntryPoint>
      <ExeHost>
        <Program>UserActor.exe</Program>
      </ExeHost>
    </EntryPoint>
  </CodePackage>
  <ConfigPackage Name="Config" Version="1.0.0" />
  <Resources>
    <Endpoints>
      <Endpoint Name="UserActorServiceEndpoint" />
      <Endpoint Name="UserActorServiceReplicatorEndpoint" />
    </Endpoints>
  </Resources>
  <!-- The content will be generated during build -->
</ServiceManifest>